Ranking,Percent Helpful,Author,Total Reviews,Author ID,Helpful Votes
133,0.97,Benson Leung,97,A25GROL6KJV3QG,8882
487,0.98,Snotty reviews,87,A2OI8Z96ZPZKB2,2187
533,0.95,Desert Rat,62,A2D5K8IDZGFFWY,5481
583,0.66,fernanda,98,A1S5HXKSCOS0D4,120
675,0.96,Code Red,88,A3OKAEM5C3OFL,2081
703,0.88,r_kwon,100,A14H9KMAMC590S,1370
966,0.95,Miss Patty,82,AY62GGSKX9YH4,2585
1042,0.98,Chad Bush,70,AUFTATW022N80,16467
1110,0.94,formortals,66,A319ZSLHK97E7C,3975
1229,0.92,Brian,75,A2B26I3DGUSMB0,3613
1242,0.88,Danny Lee,98,A1UFUJ9Z5U53AH,1079
1542,0.93,HFZ,89,A2024QM6DB2LEI,1005
1605,0.96,Samuel,65,ABHVX10MEGARN,1566
1678,0.88,cantslowdown,85,A3F75AOX7FXS9P,2993
1748,0.88,P. Buchanan,97,A363SKUFPFHIAK,1427
1784,0.97,Patrick,73,A3SR9VQUHQF0GA,3362
1792,0.93,B. Anderson,56,A3A97RFX8HCSE3,7205
1795,0.98,Evan M. Cato,88,AH8PMRYFR58TC,732
1806,0.9,Adil Lalani (Adak),71,AP25GFV9TMM6F,85
1813,0.97,M in SC,88,A2DRURXLBMP77K,7772
1825,0.92,FALCON,97,A3TFJE04LTJDLI,2859
1826,0.96,Dawn Elizabeth,75,APE0DJTM4GLRA,2852
1925,0.89,stephen cabot,91,A1HD3HWDFP7YBC,1898
1928,0.96,Amazon Customer,99,A1R3A8F7OSP3ZL,2022
1994,0.94,Lucy,64,A1PQHPE3S51Z18,1734
2079,0.95,Jake Flash,82,A2FE2DBHMLSFCU,1908
2134,0.95,sam,69,A2JCLEDQTNXMPT,5427
2181,0.94,ScottoR,67,AY9MAJ4DN4Z7H,2815
2212,0.93,Chris Upton,69,A1GHPJB2N0D0RL,1561
2245,0.93,Nightshade,95,A29I5F4VUJYXUU,965
2275,0.95,S Mack,59,A28LXU0LM7GYIC,2117
2312,0.92,D. Lazaro,84,A3H0DIOS8X1I3L,1834
2334,0.98,Natural Cooker,64,A1WDB78VWOAUX8,3510
2389,0.92,"Mike Mutzel, MS(c)",78,A2TKX1EU5IT5P2,1033
2433,0.95,NW Dryad,87,A2WJI5RY4H2IQA,706
2439,0.94,ChimChim,69,A5SD8VUB6YKWC,2598
2483,0.98,Andrew,96,A2QKSWU3KA057B,88
2491,0.93,Engr. Jay Mendoza,95,AZYBZEVISD0YX,1968
2513,0.96,Tad Borowski,84,A1LHSZKJ7MLEHV,1341
2523,0.96,AndreaP.,88,A3HHGBT6MFH4G4,4141
2569,0.95,AwesomeSauce,82,A31U2JKLG32UVQ,1911
2573,0.98,CF,75,A2L5I2MB73UJ3L,2837
2584,0.94,Aafke-Art,74,A2UVZI95SPP3OJ,969
2610,0.97,Eric Law,97,A28Q94CXRMP2SY,4662
2612,0.98,Nathan Kull,81,A250ZSZMO4P67S,1802
2640,0.95,Sally B.,85,AW7UMXXJKFSNS,782
2694,0.96,Ko,85,A1A9HOW7IW7PJW,762
2700,0.9,Amazon Customer,60,A16DQF6I1DPSLO,962
2731,0.91,A. Silberman,63,A21TPY9BVC9IKZ,2766
2735,0.94,norse,52,A1C3QC8IYNJLJ0,4378
2761,0.95,veemay,78,AWSLSPNVNIPMA,1100
2778,0.96,Ms. Understood,64,A22OXRNXXRWSGL,1791
2786,0.95,B. Tarbuck,54,A1IYZS46NB2CKS,8567
2811,0.91,Mike,80,A2CECSSD2LHWQO,1161
2819,0.96,GadgetClass,62,A38J352T8TIPMX,1472
2820,0.95,"Happy, Joyous, & Free",78,A2DMMMPQILC1QQ,1151
2825,0.95,Jenna Frye,74,A3GAXYEFLAKGH6,1586
2895,0.96,Dr. K,88,AN15B6AK28MMS,1317
2900,0.93,Claudia,94,A3S72KF9F2OL9S,571
2904,0.91,Tiffany K.,72,A1M85JOGIOJEKP,1409
2952,0.95,K.E. Fuhrmann,88,A1ZST491WTFMO9,3715
2975,0.93,MB,50,A2CQABVHIP3WWG,1600
2984,0.95,Fitz,50,ABFFDYA1JFW7X,7374
3010,0.95,T Jefferson,66,A338NGK967YAUA,3163
3029,0.83,JR,89,A2CLNRGD1LW943,80
3056,0.98,Dawn Tarin,63,AMKOS4JDWYD0U,2476
3067,0.93,susan,94,A2J0PWVQ33QO4O,602
3072,0.89,Andrew W.,53,A386UCD39MFLMG,790
3091,0.95,John H. Meyer,70,AK3PQZZ656VOD,1939
3130,0.95,IT_Architect,66,AMA2MRO8YGGHJ,1964
3131,0.96,Phil Rosenbach,55,AMUNDUVA1VUB9,3053
3133,0.94,TheBronze Man,88,AD4Y67RM8720J,680
3140,0.95,JK &#34;keeping it real&#34;,75,A386ELR8MIGS3F,1469
3154,0.95,David L. Vasser,100,A2KI91IR3RA7D0,2160
3163,0.99,Dora84,62,AUFCD0LX76Q3O,645
3178,0.92,D. Grieco Jr.,67,A18FWPKVLW7RWD,1674
3251,0.95,Konrad,76,A250EBBMPAEAN5,1739
3274,0.92,MyKeyReviews,99,A23O6Y6BCFE808,2405
3277,0.87,Kenneth Rubin,86,A30Y6PX7QC1OR9,1278
3301,0.92,Bo S.,78,A3QZL6M37TUC3C,543
3321,0.96,R. W. Pochciol,95,A1GCKBZ5B7XHPC,2725
3327,0.89,Amber Middlebrooks,77,AXISGACDUF2B3,667
3333,0.96,Eric Champine,64,A30C3EFTH23DB,2022
3357,0.9,Lana K.,76,A31LDA9BGOCY2P,668
3400,0.94,FashionQueen86,96,AGAOZ53UU82G7,1216
3417,0.94,TolyG,57,A1Z03F8JSW3HYH,892
3437,0.94,C,84,A35H8Y36S43CSG,741
3488,0.97,Johnny Robish,77,A7ZLUK5TD2Z6Z,1626
3491,0.92,Minnie I.,79,A3USLEQTOHHZYR,771
3528,0.91,Fabio Ruiz,98,A24Q66F0M3FYHG,717
3537,0.95,HeroLegend555,80,A1KG9IOJZRD9L6,4697
3540,0.97,Chas,74,A1JT5SPO1DXJGY,940
3589,0.97,Mark A. Workman,74,A1CNHR1NDFOIK0,925
3598,0.9,Josh@HawaiiTechTablets,72,A2XMAJ8EPT8DZ1,673
3643,0.95,Mandy,56,A1934ODZK3FJCF,11126
3655,0.95,Chris M,94,AM476JVM8E0M6,421
3675,0.93,Sonny Craven,63,AYTQBZ2KHO0ZA,1664
3717,0.96,bailarina94,58,A3PTI8W833KWE0,933
3718,0.94,debaserphoto,64,AXM4NZ9CXIYDP,934
3787,0.86,Joey,84,A29X0TZCFQDRZA,1330
3793,0.97,Gwin M,56,A2D5AK0IJ6B7KZ,3211
3812,0.94,Cerulean,71,AX1PJ7BKPDODC,701
3840,0.97,nyc amazon customer,51,A2HPNQ3IOQXTR7,1055
3874,0.94,D. Graves,74,A1N3HHWQH225GB,14192
3889,0.92,E. Bradley,70,A3GS6P9UW2CJF9,7883
3891,0.97,Yukio,51,A28X7SAEGCZFA0,832
3902,0.96,"M. Schreiber, Reader of Lots of Speculative Fiction, YA & Otherwise",83,A6P34Q7M983DN,3012
3988,0.98,Stephen,61,A2HJOAGKQIAABQ,702
4002,0.97,Mini Long Family,51,AL38HEYIOMG9A,885
4014,0.92,stacey,62,A1P7HYZ19MSJBT,1079
4052,0.94,Complexity,78,A2SLUAWMUP8FLB,911
4056,0.9,PappyLove,75,A19JLVWKE8KY0Z,1374
4062,0.98,Savanah Carrisoza,55,A2P8322EL8GITR,355
4078,0.95,Matt Turner,76,A30HYKFL7ERFE7,1377
4092,0.97,Ashley,72,ALP7U5I344185,196
4099,0.93,D.L.C,71,A1YOGD8K6EV6VI,3405
4128,0.94,S. Schachter,81,A3QW3MSZU01BGY,1662
4150,0.96,James A. Peyton,64,AIHE6JU70QVYH,1166
4160,0.96,Lindsay Petronsky,53,AWUN3XPM2HLSB,716
4165,0.89,Overkill0084,100,A13KMI95RK89M9,483
4171,0.96,Ionlybuydeals,100,A21OMTBD3ITU8W,455
4183,0.93,NJKramer,87,A3PC0L6BU3ZF8T,1634
4192,0.92,Oscar Rojas,74,A3NNRA39ZYW4EC,161
4196,0.87,Laura Freed,100,A3R0E4LD323SAI,1211
4215,0.96,Jay,95,A2896AITBHP4XW,1185
4237,0.98,"Danny Chung Wedding & Event Photographer, Mac User",95,A3EYNEXSWUDFA7,411
4242,0.91,NewsView,100,A3797HHQXCI1CT,3021
4256,0.94,Jenraider72,89,A405A608KK4LN,5053
4314,0.91,Denise,72,A1AE97J5Y2M2SA,1487
4329,0.92,Amazon Member,89,A143F8QE8SNCKY,4000
4331,0.97,Paulmoh,55,A3IC0CD2QI21UE,1672
4335,0.95,"Peter, Dr. Keys",77,A1G9TMHLF95O89,1477
4349,0.93,Gadget,93,AP911T3KQ6L9B,920
4358,0.95,Sandia Keith,84,A1HP806OZ69153,842
4368,0.95,Toby Garcia,52,A2IX2GHR8I3DJU,861
4371,0.92,longcat,78,A64S8V75ITLFG,2036
4386,0.92,Haystack,94,A1M7N0QMDDXDZY,1717
4395,0.66,connie,76,A14SF3WV06DOIH,306
4401,0.95,Anne Craig,80,A3CX78F4ZMNTY5,709
4415,0.97,LALLAW,58,A2Y60X3NAPO9E7,844
4438,0.92,Harris Craycraft,69,AASY3BT1OGA6E,1324
4441,0.96,Pinkie 143,55,A3KQZAIWD70XYD,852
4464,0.97,Susan Lynn Umpleby,86,A377FNOAFVI9SS,9679
4470,0.87,D. Powers,74,A2ZNBRT32ZWPAQ,1300
4498,0.94,Johnny,93,A3MTCW6RXHF7I7,2703
4503,0.84,Gail H,72,A3A8OY4G0CKC7W,1699
4522,0.84,robhartj,69,A1RNSJIOGBUYCC,1665
4534,0.91,Judy Schechter,56,A2P0FW3W4JYSPE,3149
4547,0.95,K. Crawford,66,A1CBB2CYNLU8O,4031
4574,0.85,David Swanson,89,A2LPEQS27G5S58,1864
4583,0.98,SCbikeman,51,AIQODG6OV7CIL,699
4591,0.95,Paul Ramone,63,A2R4BU3S05BGQU,1550
4632,0.89,Pragmatist,91,A129VQP9MEZ9ZK,519
4634,0.93,M,79,A2H6XDSEXLNS8F,240
4638,0.94,Bejay in Spring,82,A2I7955ZFHEGUB,1830
4653,0.92,nursethalia,90,A19W2I27LYN1D7,927
4671,0.93,Stimpy,52,A2UDTNRXU8JXXI,1338
4672,0.91,D. Sabo,99,A12I73B1D67Q0K,1102
4681,0.96,CJ,75,A1BTY3AKDXJQAU,543
4694,0.96,RaphaelRicardo,82,A3SXTFJJFY7W3S,806
4711,0.81,mrtim250,79,AUWEVS6HSG33H,2587
4713,0.94,Sonya Skimahorn Cocherell,100,A1ZK8FUR3CJ8ZH,663
4727,0.96,smartbombsmartbomb,95,A1TN3OUYQ44J3M,482
4729,0.97,Mr.McGibblets,79,A3OXYK3ZL4348C,1776
4751,0.86,Bekki kell,95,AHK7E8TLFZT3B,116
4808,0.87,David Sims,100,A3JLK6OO5D10KM,1659
4834,0.93,The Geek,62,AFU73YBJA50MG,549
4886,0.9,MykDnm,100,A34FLCBO671TH6,400
4923,0.93,C,54,AW34N1SZ1VVX,472
4927,0.95,snels,56,A3846USG795X3F,1304
4929,0.91,Tracy Spangler,59,A12NOR3U7N6H9L,281
4942,0.91,M. Griner,65,A372YX80GGM7DR,1274
4949,0.91,Sarah-Hope,87,A2R3699K4D8I0T,1184
4976,0.96,Sara Rizzo,54,A1O64IA6RNJ14U,189
4984,0.97,Toddler Teacher,69,A1JUAHVYRZRQJV,2602
5005,0.9,C. D. Berberette,61,A2OSD0WHJY7A5G,1135
5025,0.84,RDM,60,A14SNN2Z9MCG0T,1647
5034,0.92,B. Liston,84,A221U590OJDT9G,795
5039,0.96,HarvestMoon,65,A20RHN8THTPUZ9,1026
5055,0.95,Gene Goodell,84,A2CEP49EQELDIW,614
5064,0.95,Some Guy,70,A5M66LL05XR3K,508
5076,0.9,Isaiah's Reviews,59,AT34QNJJLHH2K,644
5106,0.92,Hopey,66,A22NLBSGTF3IPL,2604
5148,0.96,nysnowbird92,77,A29ELZ0R2VXILG,833
5155,0.79,Kelley,71,A12N8JVLLMZON0,506
5156,0.97,Ryan G.,90,A1MWTILB9DZSLZ,725
5171,0.98,LILass,54,A10UV0T9R1U3RH,2267
5172,0.93,C. Gollnick,100,A2C1411R3JCGR,453
5212,0.89,Genevieve D.,96,A312K5WL31QKR,630
5224,0.77,Helmholtz Watson,66,A1PB7VQ806R8HD,1604
5276,0.87,A. Wolf,90,A3O0N809QTYZ56,1720
5284,0.95,Mr. Robert Gordon,53,A92DKF3IABGNV,719
5306,0.95,Shopper's Annyomus,72,A2CGXGIWBRYX0W,676
5345,0.94,Angel Eena and Comrade,69,A2VWYI5DODLCD6,897
5353,0.95,MICHAEL STONEHILL,100,A3FVF3T2HKQES7,1001
5367,0.92,John,94,A2ZR86VINKXV7J,738
5385,0.91,Amazon Addict,58,A1EYOCY0FUJ9N8,360
5403,0.94,justChill,73,A18YNTBE5AQMHD,1289
5410,0.93,mavirek,87,A28IB49Z4F36Z3,663
5416,0.95,Ghoekstra,78,A1MC6VD3CRTW0I,589
5429,0.92,K. Nusbaum,78,A2FMN9APIECWO0,801
5446,0.91,Donna NaQuin,65,A3FEHSSTDATWY5,726
5447,0.94,Andrew,67,APMBKWCORPUM,187
5449,0.98,Helton,51,A1OF53Y6BYWB9T,1657
5481,0.92,Amazon Customer,65,AUPCT5HZSRQIS,512
5482,0.95,X. Phillius,60,A1B3C0ZBW96Y5S,437
5512,0.84,The Just-About-Average Ms. M,75,A2TLAC1UMEPM32,1006
5538,0.89,David Imm,78,A264KC8UPFFM5R,719
5541,0.96,Shani,90,A1N813LH3JBXN4,343
5547,0.96,sojourner,74,AFJGLOYI50XO9,424
5564,0.86,F. C. Schaefer,74,A17PNW5KFXRDT3,1349
5587,0.94,MapHobbit,91,A6CBY6KJNOYON,764
5605,0.97,KoKo,78,A1RY1AARXKYJO,670
5627,0.85,Stuart Kerr,96,A1M65P4R3FBN6J,479
5650,0.97,ideas,89,AU7O296O6PXZM,2386
5655,0.91,D. Miyao,100,A37GFKV81AL1VF,2543
5689,0.94,Robert Bolton,83,A2FB8232SRK5XN,374
5700,0.94,Mark E.,70,A34WOLI4PFQUHS,444
5719,0.93,stephen k.,83,A3R82U8MZWWHOT,347
5722,0.95,Anthony M,68,A2K767PO8Y3944,1330
5723,0.96,Harry,70,A9RR17W9LKKLA,697
5733,0.96,Prime Risk,60,A1XCHEMKKMVFPR,1915
5745,0.89,S. Azzouz,96,A2WFA135K7KXRO,1121
5746,0.93,Kat May,76,AFNGSJEI3YXVI,829
5771,0.9,Jeff,54,A1PGUHJ9ZN499P,2121
5776,0.94,Brian Foreman,56,A5KRM3621UHG1,2143
5777,0.9,T. Dennis,65,A3318V6FJ2KIII,2870
5784,0.95,Swidgen,61,A39CBF62MYACMC,1533
5806,0.92,Alyssa Donati,88,A1B5D9DO7YZBC1,1258
5811,0.82,The Pool Man,67,A3K866GG5P9OBE,1893
5819,0.84,B. Cravens,88,A2AWMJMLLPBHDK,1462
5820,0.9,Cynthia Ross,98,A17FAPL0PIDDXQ,616
5823,0.98,Artemaria,66,A3V2P1ZV2LETF3,5269
5842,0.94,Jackrbike,86,A1UKV82U34CY5E,1759
5843,0.87,MomAzon,86,A1VO2YYQ7IVRR9,1566
5846,0.95,T. Poole,88,A2WMT3F6OX816J,1342
5848,0.89,Radio Prepper,96,A3HEU0C1S0CFI3,1813
5858,0.97,Elana,96,AJJ3ZKLK9H9ZL,231
5859,0.95,Vegas Gar,65,A2DANAFQ46KC7D,1994
5862,0.97,Jill Ward,80,A19BG46CBWTJB,345
5869,0.9,bakerusc,69,A2XTBCZTKLUQVI,320
5872,0.95,BFS,80,AUFFCOMUJZAD1,716
5876,0.96,basementjack,67,A35AAI6C5QX0HA,1169
5879,0.87,Jay,87,A1YZ0GK1S1DCRW,380
5892,0.96,margaritamaudiib,79,A1RHBM0ZAC8XV0,369
5899,0.94,ca.roybal,66,A17SL464CLQAT8,811
5917,0.88,Galina Strizheva,54,A39AUZFEHZZ6RB,730
5947,0.88,Geronimo,62,ACMFGPCTQX0F4,3726
5965,0.93,Indigo Fields,70,A11TKHCI3Y6JVL,378
5981,0.95,Elizabeth Van Pelt,70,A3G67OQDJTN0B,686
5983,0.85,C,99,ASAVPW3PD4R3A,724
5986,0.95,Hello World!,93,A2O7CETXYYM8RB,239
6007,0.96,David Diamond,98,ASXDRKXJPRVUA,1329
6011,0.95,Amazon Customer,84,A3PTSN0CFNUYJ,849
6016,0.84,Gaiking,100,A1S2M6SA4OAUNK,2219
6024,0.94,r3v0lution,57,AE12OGX5S9PMU,2924
6036,0.96,P. Scott,63,A318QI2GIITH2X,1312
6043,0.91,iReview,92,A1UEILMFX6GROB,1192
6046,0.92,JWLV,85,A18PNDRAJH7ZPF,301
6054,0.89,Farthion,94,A3I04CBXGNEX6,720
6057,0.92,EvanstonIrish,93,A3NFFHOUDFJ82V,479
6100,0.89,Monkey,90,AIV6OV1PUCEIJ,1097
6107,0.94,Veggie Head Cat Lady,51,A1UB4WHH9ADHKK,520
6120,0.94,Bill Gallagher,80,A1TSOWAPTYG6NU,2118
6134,0.93,Happy Customer,66,A2LRT7GU3FSMVE,401
6148,0.96,ereader,79,ABQH8HJ8AJ83G,1178
6152,0.91,Sunny,80,A20WN2WV2HM2LI,500
6157,0.87,E. K. Wlin,57,A32BJDGFY4QM7K,1662
6158,0.95,Vinny,54,A33AOEP6E9FUL9,1193
6175,0.94,Rell,51,A2LPY0UM9WYFPX,1394
6228,0.98,fender-bender,77,A2D4J55CHOJABX,640
6232,0.88,Brigitte F. Tolson,79,A2OKVTN29PCUQO,2140
6238,0.94,Heather M.,59,A2TGGFSMC1VAMK,419
6240,0.93,Ashlyn Reagan,60,A214F36VTJNDMO,695
6254,0.95,Windham M. Graves,62,A1P5Z5QMRZB3QS,407
6257,0.88,PACSman,54,A3NKQL8Z6XJZNO,1247
6269,0.97,G. Smith,83,AKAUXQ82HWC5Y,1397
6280,0.85,Roy Lange,94,A3STM2EUPDJ0AQ,564
6282,0.87,Dennis Macri,90,A20JZU2P3L1KX5,567
6291,0.86,Debbie Wood,59,A1TFY9C4U1EZXR,1116
6305,0.95,My $.03,79,A3D4F5Z9K6QF82,1713
6319,0.92,EmeraldMeadows,68,A3FSFRXCROTPKT,754
6340,0.93,Amazon michigan Customer,70,A3SL60VAF75YSY,373
6341,0.92,Blue Tail,85,A2UMVV0PZ5JNCT,587
6342,0.83,M. Bullions,100,A1H9EF4S5I9OKX,2981
6345,0.92,PelvicSurgeon,96,A2WQW9EYB3J592,1197
6376,0.87,Bobbydigital,90,A2Z91CCYND00UA,650
6411,0.9,Daniel Beckham,64,AJ3LW2I93OGVK,478
6412,0.95,David deSilva,95,A8SRAV67XOG3,1344
6430,0.8,Bill  Howard,90,A38ZGL91V3BHPR,434
6440,0.96,S. J. MCCONWAY,90,A2S964RUFXWWV3,587
6444,0.74,Dan's The Man,73,A12N56U9AJDAZ1,478
6448,0.93,Kate Saundby,98,AFBD59CAOKGN6,1068
6468,0.89,MamaSkates,69,A10UUX8CV0CAOA,84
6506,0.93,P. Carlson,86,A1MF4WLGZDBP5K,1097
6511,0.97,Arkay Adkisson,61,A343A44RVPL6E4,342
6517,0.98,Christine C.,97,AEGYJPVX5I7ZN,437
6519,0.87,Explorer,91,A36O8CMRK9ZJSK,882
6521,0.93,Pablo Ortega,62,A195PVKRNF9AUW,629
6531,0.96,John M.,83,A3HAXLLP5VERFX,1063
6533,0.94,S. Vogt,78,A2D9DSJIH4FRMC,3236
6543,0.88,Penny Black,94,A1X0EDL50WFWQ9,972
6544,0.94,corran_63_horn,78,A300XWF1WFL7PG,769
6547,0.95,L. Bernstein,92,A2QO3VPN591MNI,2259
6555,0.94,Amazon Customer,62,A39V22BIBUMMB3,1612
6567,0.93,Steven,58,A2LPIZJHE33AXK,1489
6571,0.97,Stephanie,66,A1TQXZSLY6MT91,380
6572,0.97,JCF,60,A2V7JNX7J8RKHW,319
6584,0.92,Cin W.,57,A1GCCMLWIPEKV2,636
6588,0.95,Cheryl,53,A1GKDJG9AC1POL,550
6592,0.94,JMF,60,A3V04AX2XTLJEL,1680
6600,0.92,N. Katz,81,A3S0A38DYQRJ7J,1065
6629,0.87,Arthur,69,A2XECQVTIZPLFR,326
6636,0.96,Tramplelog,95,A23DGY0S6MN945,981
6650,0.88,Y. Li,89,AIHI24DEQLUMO,818
6658,0.98,Kelly Williams,56,A3IN2U2N4O3Y5I,183
6667,0.95,beth,75,A3C4CFXT1LB2TF,750
6668,0.91,Brian Gilhooly,92,A3OC1XBXM9XQKW,925
6680,0.88,Roberto Jorge,91,A1L1YB3SHYKQ,343
6691,0.93,Annie Z,61,A3IJWEKCPL3T5S,351
6695,0.86,iamgadgetman,83,A211TA5FKD374K,467
6723,0.86,HailAtlantis,87,A1HQ56HXZQJ1WU,618
6724,0.91,A. Neal,94,A1PXASLE6QSM57,739
6729,0.96,TL Stearns,96,AVOCKGHG1NITL,653
6733,0.94,Tourpilot,90,A1GLLM1TCKRW10,1059
6740,0.93,Mountain Girl,74,A33J9CVS0C557A,387
6754,0.89,Ellen Ripley,95,A2RSTWSQDLYHYX,8238
6757,0.88,Angie Mckeon @Angie and Jessica's Dreamy Reads,85,A12YRD35W9LME8,775
6760,0.92,Mark Twain,61,A3F4OO6AEYUWNG,573
6806,0.84,Red Lightning,91,A3R0RKUGBBEKFC,492
6824,0.92,Trivii,50,A190BQGZL0R6QA,1247
6827,0.92,P Gaenir,96,A2IP8PLL8JORVD,2440
6848,0.92,KirstRob,66,A25GBRHJLWSVUQ,327
6857,0.95,Erica Paris,79,AWC7E502I2IEQ,1631
6873,0.97,Internet shopper,54,A1PEY3XJYB4G6X,2150
6876,0.93,Sean W. Franklin,98,AQZBIM739YVLM,656
6880,0.9,electronicnut,89,A1HHL3WQC1OZ6Z,1618
6889,0.92,kraut,88,A1V1E9TC9S4H8X,673
6924,0.91,Rae,86,A1BCNDTKERXXVE,697
6971,0.93,infinite,80,A3RDQ6I3MQWGCY,702
6980,0.88,CA GA Peach,72,A2MB1AYRXIQNL0,704
6989,0.97,Dr. Geoff,59,A1DBVVPE6HM1GS,1132
7002,0.9,Chrysopoeia,97,A7BDQUNFKFQE2,409
7006,0.95,Scott M. Toland,92,ANGB2NDP866XC,559
7012,0.94,Douglas,52,A1BOT7HH9TGOZ4,765
7013,0.94,Amazon Customer,62,A33ELEKVT2UW4T,701
7027,0.89,Benedict Rocks,92,A288PZDEZW482H,1301
7053,0.87,Upton O'Goode,98,A9QVKQ0Q0TOZ6,907
7072,0.91,breanna,95,A18EH04VB4LRA5,524
7078,0.95,DM,50,A39NI6V9UYP5BD,354
7079,0.96,Frank Phillips,63,AG5HDGC5F8Q68,6336
7087,0.97,Janet Freedman,70,A34P8I686XDT1Z,3707
7090,0.9,WorkingMom,88,A2CH84L4ZT630U,903
7099,0.9,Fesoferbex,51,A2ZFM9L7RY0LXQ,607
7110,0.92,Derek,96,A3A18QLK7CNIVX,501
7133,0.93,EngineerDude,82,A2EDHGA1ZFHT0F,810
7137,0.93,Classy and Economical,88,A3S8XVDN6AJVWI,330
7150,0.93,Mark A.,62,ALFLKAOCB23QG,1122
7156,0.96,Emilee Hatchett,69,A2UYO4GZRPC348,290
7161,0.86,HealthBuff,98,AX3H8TW5650E3,428
7162,0.95,USMCSurvivalist85,93,A21NREICO6ICY8,518
7167,0.9,J. stalnaker,93,A36RZQ1VA87CNG,635
7173,0.94,Haynes,70,A27QU1JIWPLGBN,395
7182,0.84,oluv,69,A37AGASI7HJY3H,1673
7198,0.94,HBLC,81,A19SDK7LCJIEKW,919
7204,0.87,Fletcher Chambers Jr.,74,A8MTE6SIYM0GY,4815
7221,0.83,Julie A. Levin,73,A21OTG8G9ZEKPG,689
7228,0.89,RagingBuddhist,76,A1ZJDK8EWIWF45,1062
7234,0.91,M. Merlin,58,A2KU8X0373PB8B,635
7240,0.95,Sabinchen,87,A89VO4WQV5E19,594
7249,0.93,Anna B,59,A1PCLLMSUS2F4H,656
7265,0.9,Paddyaffleck,50,A38M94M6PQBBJY,556
7276,0.92,deborah L,96,AZA135L22S9VP,351
7278,0.89,Amazon Customer,80,ARSWIFGUAZQCV,944
7287,0.87,Melanie F.,94,A3OG3PB8HW0D05,447
7292,0.93,Red,83,A1NHZHMPF26ZQV,1902
7293,0.91,IBCotts,59,A1NSN3C3DE8YW2,1998
7303,0.93,Sandy Lynn Stevens,100,AF3E59VMPKTMW,554
7314,0.86,D. Milliken,78,A2BC625J7XIY2C,182
7324,0.93,Madison,60,A1ITMPDRAY5V3W,466
7331,0.95,J. Black,59,A2YMHHRV5ZIRKM,647
7335,0.96,Mary Mac,52,A2T8Q39O4DYK8V,778
7343,0.86,Chuck,59,A13T8CZCNEUQ02,656
7348,0.91,megana,78,A2DYAF115W27BC,435
7363,0.87,JMS,87,A26GPX1IFG8O75,2300
7371,0.94,CA reader,75,A3H9NI5FUXYATL,2388
7380,0.9,James Thomas Jeans,68,A21H1P3QQ6WEX6,1100
7388,0.84,Luke,56,A1KKZAFNHHIXMO,639
7389,0.86,Gee Smart,78,A1QMARDM7M9NNR,1133
7399,0.92,Amazon Customer,94,A8RZ4KKXBX5NQ,679
7411,0.98,VeryCherry,53,A1RW6839MQQJBV,433
7429,0.92,none,97,AH6TAJC9PQOV6,794
7443,0.94,WildeKatza,67,A20PUS4XKCQNHQ,493
7444,0.95,Pri,71,A35YEABW3T8OP4,1108
7450,0.96,DJ,90,AHMIXQ9CQ1MRY,1383
7460,0.92,Charles Seiler,53,A3JKKA12IN56I1,1120
7463,0.93,Pri,56,A34D626U4JYK99,884
7490,0.95,Dragonling's Mommy,58,A3LENTSWM0X7LL,1741
7494,0.94,A. Hamilton,82,APJKXPVVM1QQU,424
7508,0.79,Night Lord 40K,96,A3V7F58M4ZXHIF,818
7515,0.95,Koji Kadet,62,A2Z7JL8SB49QYM,605
7548,0.96,Kat,79,A2B6GAUQCHCWMA,1403
7565,0.89,Me,87,A1PBUNS47TN3F,586
7579,0.96,haggis,76,AMIN22YY2F1LO,394
7589,0.91,Max Yuryev,64,A13T3S3H9G0J5Z,527
7590,0.89,Grammy Sal,82,A3JEXOA60RNDZS,1026
7596,0.89,Frank S. Jakubecz,81,A15SJZJ6TFT5H,1831
7608,0.97,icheckemout,93,AXC5N53Q3KJD9,473
7621,0.96,JLC,91,A2MHN2AI7FGPWP,649
7635,0.98,MeaganEmily,61,A35HNOJOWCXHZ5,380
7650,0.9,Baron,84,A3J0PMHOP3LPET,456
7663,0.94,D. Orlando,76,A3LLDALH9AFJJM,553
7692,0.97,S.T,56,AKWKQOY3JIPDM,1083
7693,0.93,Nick T,83,A2RA207HEJD5LN,672
7721,0.98,Ben,62,A1IUMK908JBYKA,711
7723,0.89,Souther,98,A1JDP8UAE7HVW7,1650
7728,0.85,Ana,52,A22J6UG9Y5F3HC,426
7733,0.93,K. Denninger,83,A1F26M4YUQ4HGB,545
7735,0.95,HBGuy,58,AFKCYPV6UYPF9,1046
7747,0.93,Karen B,64,A281B8HTNUUD83,554
7754,0.94,ClockworkOrangutan,96,A1868C310KE2D4,275
7787,0.94,"K, C, and little j",91,A11LMH5IKQ5F9Q,1535
7813,0.91,Arya926,90,A1AABS57EJHLNJ,642
7815,0.92,Alex,86,AA0ANR8FE3GGD,467
7831,0.97,L. A. Stanley,54,A2SB0OKNB1ODN5,904
7844,0.89,Grandma Pearle,94,A3L7XJIT7JY9JW,1255
7853,0.86,T. Savage,95,AVKHBZV88FROT,890
7861,0.94,The Chadd,54,A5Q3ZQ4Q7185U,460
7863,0.91,Wing,95,A2370GIEN1PT1B,2182
7874,0.91,Michael Orr,94,A1GF4OPUJS9R0T,661
7892,0.94,Brenda Schmidt,58,AWT9L0TCK4AMG,444
7893,0.89,S. Lee,92,AD73VMNYB8XVX,1761
7901,0.81,AmazonAddict3,94,ACMBV47ZWIA7S,393
7909,0.91,Andrew'sMom,91,A2WO62YDAWG2QC,1226
7915,0.92,Steven Coburn,71,A1WY3G0O1R8DN1,427
7934,0.86,Wiz,100,AMSVJRIIMNBB,409
7937,0.86,7,67,A3N6VBAVGRAKP4,2348
7938,0.96,Hey Mimi,63,A3MXDFRJS7GVMN,1503
7949,0.89,Williams,94,A2Y2OXNSSK94M9,613
7969,0.96,Jamais sans mon minou,74,A1HTFPIU12IXSM,1230
7974,0.95,Maryland Shopper,66,A13TUGAAI1Y63A,1322
7988,0.9,69 Stacks,92,A39BEQEYKWZO09,912
8009,0.88,JustLookAtTheFlowers,57,A1D4V3UA7YQF7T,790
8044,0.92,KL,97,A2YNDLCEYC0M5Z,339
8050,0.84,Guy with a Tie,90,A8QSFRE252C33,738
8051,0.84,Pretzelcuatl,61,A2137KB2BIZBJ4,1130
8055,0.91,Suzanne Cross,91,A13W3BD75G5S1B,4155
8069,0.93,Celery,98,A72JJF64FJT10,832
8073,0.91,GS350,75,A3IDJGDX1PDM1K,227
8074,0.92,Legomom,71,A26FX2091HJNIE,563
8077,0.93,N. E. Spencer,61,ABUAXUFEOKQJQ,996
8078,0.96,Albert J. Valentino,88,A3LMS2UO0ESHX5,4096
8080,0.89,Velma Wiley,87,A24O8OJ1D6KQFM,665
8100,0.93,Texguy,61,ACMTXF149WP1O,983
8116,0.97,Mylz,87,A197DWKFIHIY14,392
8125,0.95,Barbara,87,A25L4C2DUZNGMV,577
8129,0.95,HikinMarty,96,A1TL261IMRAFSS,489
8132,0.96,Josh Ouellette,61,A4PYI7OJZFGTX,599
8137,0.94,Michael J. Cashen,96,AJ2CERNLWGFVD,2436
8143,0.86,Tammi Love,98,A2QLR1A092L5WY,260
8152,0.94,Team Getscher,81,A3IIGCAVSL8KDR,241
8156,0.94,Larry in Lafayette,80,AK3GVZMOZL8ZS,2447
8170,0.96,A. K. Mitros,61,A12MD17F0PAADC,489
8178,0.93,LDB,73,ANVDV0RW6TB75,553
8184,0.87,Sherrie,75,A2J16IGOAL3CJ5,428
8188,0.89,Ryan Cawdor,83,AS4RH2V1SKZV5,690
8190,0.92,Roger James,94,A31YYDDZNM6NAG,661
8194,0.94,DrBob,70,A3QEJOHRA6RA6X,1003
8204,0.93,Amy Gurley,64,AWCO1MAELHKSE,1393
8209,0.91,seekinsp,79,A2GONKHWLO3HS0,519
8217,0.95,Tee,54,A2H2T2JE05VK8W,233
8221,0.94,Chris P.,80,A3GOEFCWETC23E,1529
8224,0.94,Lisa Murakami,83,A2ASFA6TVKQVGZ,1152
8233,0.88,MiGadgetGear,55,ATV46MURFH08O,331
8252,0.95,shrinking footprint,99,A3P3FPFO3QYTVH,1101
8253,0.86,Kenny & Ramey Reviews,72,A3SF7MOPSIBLIZ,376
8263,0.91,Reversemidasman,70,A2F3K3FCRVM1OQ,1040
8267,0.92,ZEric,80,A1EEFQ7GJE51WP,663
8301,0.9,The Whale Whisperer,80,A1UR23TG59VK49,553
8328,0.93,nessavig,63,A294Q8C7UOLWY,372
8335,0.91,jjl1911,56,A26ECP55JCWN3E,516
8351,0.94,Dr Jerry Hill,71,A2T6CZRNTW0CFU,689
8353,0.92,Buckaroobanzai55,98,A2YILCX9BLGG0L,882
8356,0.94,jhbuysstuff,65,AEU1BMGTLIUNO,642
8367,0.84,Stanley,68,A19FW30E1S22M6,949
8370,0.83,Mishkyn,68,A1XPPO22Y71OAI,779
8374,0.89,TBR,100,A6E9IIKU5KPUY,527
8385,0.78,AEM,56,A11KK4KKCKDBN3,643
8391,0.89,Danielle,77,A2RZKBL7U0JPF8,617
8397,0.98,M. Terenzio,58,A2I3G10S4CTOS0,7714
8414,0.88,Love Technology,78,A30Z9EWE8VY95B,1002
8437,0.95,Lera,83,A3KTANVSZ7ELRZ,787
8438,0.88,Lisa,97,AEY6RDKCNLKGG,517
8440,0.91,Edward F. Shimkus,80,AYSYN1KLL6W5D,3794
8465,0.92,A. D. Hill,88,A5N1HB1T4EKCM,1192
8468,0.97,Shimon Mor,55,A3CP7NQAAE2BFF,1912
8498,0.94,Allison M. Dickson,54,A2PC5ZS9557591,848
8499,0.94,Brandon Taylor,100,A3N6TJU6WXD003,2550
8501,0.9,Pone Tony,74,A3W2EOWTZVIGC9,578
8511,0.93,newyorker,63,A1CNVVEEJ8Q1ZR,1035
8512,0.9,Redwood George,64,A3ICJ1OET3X3VO,971
8542,0.89,William B Partridge,74,ACEB83MWVDWLB,4709
8547,0.91,Daniel Campbell,100,A1TBRIDRIWS4RB,252
8551,0.97,Amazon Customer,55,A2TFE03ZV2ZQ69,629
8554,0.93,Jan,86,A2POGE3G79VFPE,458
8555,0.88,Nietzsche Infidel,98,A7L1YZTTQA5S3,1076
8565,0.95,David Robert,50,A3B13VB8CWO3E6,1913
8568,0.91,naps8532,59,A21ATA6NDTAIVM,254
8590,0.89,Mark J,98,AJW53ACXUCJ0M,862
8591,0.92,SSD,73,A3EBT1LBD5ZNWN,776
8596,0.95,Manahu,89,AWSXULVE7SQIH,435
8613,0.91,tharp83,55,ASAS25ZVYTVM2,662
8628,0.94,AGCB,62,AHT1QBBAVC1YM,309
8632,0.91,AaronR,66,A1285WENLZXDOR,1409
8646,0.93,@MeowMistidawn,94,A244EODR2H2LKB,323
8649,0.97,Savvy Skeptic,67,A2GCVCOQXGL8YA,3204
8650,0.92,Walt Kurtz,66,A20R0T8NXW9MRC,668
8655,0.96,KJ,51,A2K5BIYYQ0DIB1,1694
8657,0.93,Paul Barrett,51,AHG1MNF09L4I9,198
8669,0.9,Ryan P. Anderson,78,AEO9RHVNE21T3,322
8670,0.94,Earl Ax,56,A1LO9MLA4K6S7P,628
8672,0.86,Directed Energy,91,A1KJG4QIFO389U,1733
8689,0.96,Nbot,70,AW1483UUCT15W,1420
8697,0.88,Brian,63,A21IIDAK6HD067,1542
8707,0.94,Jennifer Grover,89,A2E7OT9UAE8CLO,478
8709,0.84,JB,83,A1O954NMRTP7CE,156
8717,0.94,M.Lucas,73,APKQBK5EAZ6BV,439
8719,0.92,J-Ro!,90,A2INKEVXUOF1ZI,448
8725,0.96,Steven Hernandez,50,A2G8RPP7KC73Q8,1213
8729,0.95,S. Gable,69,A1CXHEF9ZH3W0W,1026
8735,0.89,Wanos,100,A1H2GLT41DX4AB,586
8758,0.94,Stephen Rawlins,89,A23HKKR7O9IK4F,2006
8763,0.92,bareyb,62,ALVES1OA7MBXP,938
8765,0.91,Jenny,95,A191M1BD1PWVGO,416
8767,0.9,Suzy Myers,58,AUCD2HJX62O3B,648
8778,0.91,Charlie,83,AZ2KIQ6D47LHZ,668
8779,0.91,Borocay,76,AMZIFSBB7K61,291
8784,0.96,Greg D,64,AWVJV5BUSL3YP,611
8787,0.98,Michael S.,62,A21P2HR6WEV59W,284
8792,0.94,Mike From Mesa,84,A29PBY10CGDKA0,1466
8798,0.93,Sun Voyage Music,83,A1BFS260JO9TZJ,466
8804,0.96,Cisco Kid,56,A2XN2ZN9FGJYBD,644
8806,0.96,Jeremey Donovan,91,A1MG7QTUM6C3AN,489
8838,0.94,kasls,54,A312ZYCZXPIZFT,671
8846,0.95,Crimson,52,A1SF7FZE2M9KM9,817
8854,0.92,DavidP,88,AEL0Y59FE3N6R,768
8860,0.95,Greg,69,A2BN77A68H3AFA,1234
8862,0.97,jessubi,50,A3GBHDUT4L6W65,535
8864,0.89,D. Davidson,84,A1HH11STE53V5,666
8866,0.95,G. Teruya,60,ATWR4381SWZBS,1868
8870,0.92,Sleepy,68,AIF78X3QVRR4E,455
8884,0.92,Michael,61,A12FYN9YK2PZC,395
8902,0.94,Ryan G. Del Grande,67,A1XRH32WCTO1SL,779
8913,0.86,Laurel C.Me.Laugh,79,A2GREI56ZR6PGC,482
8928,0.89,Charles,65,A3MVC3YGQN62FP,354
8931,0.93,T. Emond,92,A1BLZPZFHF2XAT,479
8933,0.94,drp103,91,A3DQKTQVK7ZCCD,815
8939,0.86,Linda Russo,56,A5YO9N4Q49RJU,978
8944,0.73,prince,94,A3F4NV06Q1PTLJ,552
8960,0.96,S. West,85,ABLQWRR83WY3K,1299
8968,0.96,BetsyB,64,A7GAGU6YKZYXS,429
8972,0.93,Novembreskye,83,A25D2NMQY0V89C,350
8973,0.96,Bex,66,A32DPBPNO5HFYL,548
8979,0.84,E. Tucker,92,A32FL8K77UAEN8,2116
8983,0.92,Pearl,58,A3W25S6MSGUCYK,576
8988,0.9,EricJM,84,A2IY7ZFPYCHQAL,422
8993,0.85,Nick,50,A23HIWBWA7ZYRB,798
9020,0.95,Anthony Cecchetti,52,AWTK44IG21GHY,761
9021,0.94,CK in PA,68,A2V3IV40TYYKY4,1110
9028,0.95,Carmen,92,A2C61DCJZMY37L,330
9031,0.84,Ann L. Morris,99,A2RV8QOL53IZIW,780
9044,0.95,L. J.,76,A2TAR3Z8NXQHJL,1055
9058,0.89,Dillon,75,A15N35HIH8WDDR,202
9066,0.81,monkeyrotica,99,ACL99Q8EHCK6M,1078
9102,0.94,Jonathan Brett,90,A190EMPCHI6SSH,1301
9108,0.84,Peace Maker,75,A1TIMIESJ6CMNJ,660
9121,0.87,D. Fichtner,83,A1O430C6F07VV2,1887
9125,0.98,BBaker,58,ACMTHVQFX9TXW,1673
9130,0.9,G.B.,56,A28PQDHWYGTYCA,1036
9144,0.93,SoapyHollow,86,A238ZK9FQKQFC8,926
9146,0.93,Ask Althea,99,A36W8ELBAMQLV5,580
9147,0.93,A. Ingraham,94,A2Y341JVQ8GENB,1906
9148,0.81,BritnyLe,82,A2T8SJM7C3L8LI,573
9165,0.98,Brit,82,AS1MJFB1CKAKE,202
9170,0.96,Bill Stein,63,ALC4ULJVIX0JP,1323
9178,0.87,Bruce Almighty,50,A28IJJHQCYM2X8,713
9180,0.91,J Clifton,94,A19YOR4TA9J2RK,305
9188,0.89,California Marmot,95,A3TE118M2L1P04,318
9189,0.83,Octavio Lopez Jr,92,A1FYHOGQFCPLRT,358
9192,0.87,MGhostSoft,55,A3NAKHGAT8QSJB,556
9193,0.97,Talya,66,APY6PHXPIUN27,774
9194,0.94,Nathan Hancock,88,A1K6OL1WN0SGZX,317
9201,0.94,DeeL42,78,A2SE192GBECM7W,568
9210,0.95,Mickey789,55,A20P890DHGG0UL,9559
9214,0.86,Shady Ave Reader,67,A3JORDKSTAWOVJ,2248
9216,0.94,IntheWoods,68,AA7UD1HV5N0OE,1611
9261,0.95,Mark Kitaoka,76,A1W5SO5D1C13RC,1634
9269,0.84,Susan S.,74,A1J4LP74OQ9W6Q,632
9292,0.87,PLC,71,A1Y2BABP4NKZOI,588
9295,0.89,Amazon Customer,58,A361WT227IG886,2025
9301,0.89,Kristina O'Donnelly,91,A1VH5SRP1KZR13,1230
9303,0.93,Weda,90,A2KMRUSE306EAL,651
9308,0.9,ctgblue,98,A2UILBWV7N9ZET,450
9310,0.9,Angie,90,A384HRMXAQFZU2,549
9320,0.94,Runamuck,96,AAL45A3A1IUTX,530
9321,0.93,Miker,50,A1LOWC8YZCRLA0,2281
9323,0.91,Adrienne Devita,74,A2WEA10GPFHAJM,506
9336,0.92,Jerome Albertson,65,A1N7F3S6L0JH71,5497
9344,0.92,R. Burke,92,AB9R263I9O35Y,372
9345,0.87,alicita,55,A23T4G6YJSKRY5,520
9353,0.9,Bargain Hunter,87,A370GU5ZKHUVDC,349
9354,0.86,Scott S.,95,A1I3GCZILXNEYA,344
9375,0.93,guy,70,A1G9VHKKLM0KFT,1047
9385,0.95,BeachBunny,90,A24WWXVEQ6F64O,1045
9394,0.86,Marcea,53,A38EVO2TP0PZ5U,590
9404,0.9,Prof100,88,AVSDIMTOBXOFX,960
9417,0.92,Zippy,53,APP9PRPQRKDP,461
9418,0.97,Frank S. Gonzalez,57,A1A4EO1PAE4E6S,341
9422,0.87,Jonathan Stewart,72,A3PE2YMF9574U7,6499
9429,0.93,D. L. Lederman,94,A1PBXWBNBZLLQN,1013
9431,0.92,Rachel Perlow,69,AGED0WVR8EPLW,769
9437,0.78,speedythecat,84,A1DW48CPF98IBR,606
9449,0.91,AmySmiles,88,A2MISNDANNRUSI,381
9471,0.88,kellyfish,86,A2GL4MDTO3B45L,557
9485,0.92,Right To Bear Arms,57,AGNKQDJG9VVQ2,661
9488,0.97,Chesterfield Copperpot,51,A2351QANFB3YS3,335
9489,0.94,A. Shank,62,AOK6IBARUDVF7,320
9492,0.92,David S.,94,A25F38GF3PIMQE,327
9494,0.92,John J.,87,A3VKCBGJIL0865,293
9498,0.96,R. Harvey,100,A2BGA5EF36AD07,1875
9502,0.87,Elvance,99,A270PPU3AVV331,386
9513,0.88,Connie Lin,91,AHEQ3EBC256EV,255
9520,0.87,Chasten Ruin,55,A364QHZHDP77LO,813
9533,0.95,daj,64,A2T27BBHLYI14E,461
9534,0.94,Mario J.,96,A3VZ03BLE0Q7MB,192
9548,0.82,Danny,75,A3OXNEJIAOUW5Q,546
9551,0.96,turquoisedragon,54,A2TWZTOY0HO25N,667
9555,0.95,nartmot,68,A244LRZ6PYXBDA,1587
9559,0.93,Nick Fav,93,A3SYHJ0YXK8F8P,364
9560,0.93,a brother in Christ,93,AVAD0VIJS4H45,241
9562,0.9,Stacey,89,A1VYBOLZ3J227P,441
9575,0.94,courtney madenford,55,A2FRX6U8BHO60G,810
9586,0.97,Amazon Customer,51,AMSHQL64GM7CZ,414
9589,0.96,D. Hook,61,AVFVXW75F5Q2O,946
9604,0.92,Shay,73,A2BQ83RKKUNFI4,960
9605,0.92,Snowbvi,75,AY7WZDN2R3XJZ,500
9611,0.88,niels,56,A2BXY4NHO8B7QI,2944
9614,0.93,abitaskew,98,AIBIJ8OMVKNIB,548
9618,0.9,krissskrosss,55,A2MFJ4GFQ1NBJP,8097
9641,0.96,Richard Allen,100,A3LZ00UXN4FYVF,373
9642,0.89,G. Cruz,68,A1UH7WYR1N9Q48,1246
9649,0.92,The Geekster of Planetgeek.net,81,A1IP6NRVCQP7ZA,1873
9671,0.94,uebergeek,89,A3HM6ERNSZXQX4,1737
9672,0.95,A. O. Kay,71,A3460JTF3VFQFF,898
9674,0.92,Robert D.,64,A2KFPPHHNYARD1,256
9677,0.82,Betty Bite,93,A1RKJP7QGY1IBH,368
9681,0.97,W. Costley,62,A1HT4X1GUTVDX7,1848
9686,0.85,C. Cornell,87,A3E5APSUPRIUEW,913
9696,0.82,IFLYMAUI,82,AF4YRU0KFXLIE,1223
9703,0.87,Expert_Review,81,AE87U55UXIAD1,769
9708,0.96,Diane Coan,64,A4YJ3TRY3QAPT,445
9713,0.86,Durt,51,AXDRDXMW7DSPI,1099
9743,0.97,Frank C. Zimmerman,55,A1QQLC9V6LRTA7,929
9749,0.93,Amazon Junkie,91,A2G38NPSW1F8MC,442
9753,0.94,Tad Karmesh,54,A21UIVUA38CSXC,526
9770,0.92,Devilz,67,A1L7CPZ8HXBRWE,367
9772,0.9,Randy Wakeman,61,A1JE04PMENX23K,2110
9777,0.94,Snarky Redhead,54,A334OWP4PKXNPA,601
9791,0.9,MasterAutoRepair,79,A3A86D9F8WIDGO,538
9793,0.94,Spencer J,69,A3UC2SB7MYTBVI,454
9808,0.87,P.T.,90,A1CMIYUTZHYT1E,364
9812,0.89,Michelle L. Hankes,94,A3DTP1HESH8GWK,525
9818,0.91,sapphire116,57,A2QKTD9UUF0PMW,704
9834,0.81,Gary Beach,79,AJTRNEA5DZ3XZ,510
9853,0.83,Forrest,63,A12ALUEYOYQUSY,1460
9854,0.82,GoobieGirlie,60,A1K69C7WHQ8Z6D,385
9883,0.94,D.B. Carr,83,A2BU5F8HES2YCZ,368
9884,0.95,J. Layman,73,A2VV8Q2EZ6SB5M,1527
9899,0.94,Jonathan A Race,64,A17DROIR0O1163,403
9903,0.95,PrairieFire,51,A1V9GIOEKTK2DL,2955
9913,0.95,themak,72,A1W5U7E5ZHPIP8,333
9914,0.88,Arizona KK,100,A2FJZ3IYQ9N65S,567
9921,0.93,zhang jingjing 13566039095,78,ANXJ278TH3FL7,239
9927,0.92,Grateful,67,A2OASTZA0LN0BS,454
9929,0.9,T. Wicker,51,A3AG416CVA1T50,2874
9930,0.76,S. Goldstein,80,A154UBB97NK0JQ,691
9936,0.86,Mr. E,77,A9KAMUB8E4WCU,509
9944,0.95,Emissary52,68,A2OJSZRVWLFTPK,409
9949,0.84,C L Coffman,80,A2IXFUJEIJD8GT,558
9950,0.92,Heidi Q,83,A1IY6C3ZGOLTLX,847
9966,0.83,R. Wood,92,A2OZTJ8QSNFGZ,1196
9973,0.94,Jonicraw,73,A2OM77OVT83L37,875